Name,Display Name
Worth Clark Realty,Worth Clark Realty
Wiechert Realty,Wiechert Realty
vj_test_agency,VJ_test_agecy_display
vj_test_agency,VJ_test_agecy_display
vj_test_agency,VJ_test_agecy_display
vj_test_agency,VJ_test_agecy_display
vj_test_agency,VJ_test_agecy_display
vj_test_agency,VJ_test_agecy_display
vj_test_agency,VJ_test_agecy_display
vj_test_agency,VJ_test_agecy_display
vj_test_agency,VJ_test_agecy_display
vj_test_agency,VJ_test_agecy_display
vj_test_agency,VJ_test_agecy_display
vj_test_agency,VJ_test_agecy_display
Vibhore Test Agency,VTAgency
USREALTY.COM LLP,USREALTY.COM LLP
United Real Estate Kansas City,United Real Estate Kansas City
The Phil Summerson Group,The Phil Summerson Group
test Krishna,test Krishna
test,test
test,test
STEPHENS REAL ESTATE,STEPHENS REAL ESTATE
St Joseph Realty Inc,St Joseph Realty Inc
slugger's Palace Finder,slugger's Palace Finder
SHOW-ME REALTY,SHOW-ME REALTY
SHOW-ME REAL ESTATE,SHOW-ME REAL ESTATE
Sheltered Homes,Sheltered Homes
Seek Real Esate,Seek Real Esate
Scott Test Agency,STA
Roman Emperor LLC,Roman Emperor LLC
Rock Solid Reality,Rock Solid Reality
rise above this realty,rise above this realty
Remax,Remax
Regina's All Access Realty LLC,Regina's All Access Realty LLC
ReeceNichols West,ReeceNichols West
ReeceNichols Preferred Realty,ReeceNichols Preferred Realty
ReeceNichols Overland Park,ReeceNichols Overland Park
ReeceNichols Lees Summit,ReeceNichols Lees Summit
ReeceNichols Countryside Plaza,ReeceNichols Countryside Plaza
ReeceNichols Brookside,ReeceNichols Brookside
ReeceNichols Eastland,ReeceNichols Eastland
ReeceNichols,ReeceNichols
Reece Nichols Cedar Tree Sq,Reece Nichols Cedar Tree Sq
Redfin Corp,Redfin Corp
Realty Results,Realty Results
Realty Platinum Professionals,Realty Platinum Professionals
Realty Executives,Realty Executives
RE/MAX State Line,RE/MAX State Line
RE/MAX Revolution,RE/MAX Revolution
Re/Max Lee's Summit,Re/Max Lee's Summit
RE/MAX Innovations,RE/MAX Innovations
RE/MAX Innovations,RE/MAX Innovations
RE/MAX Heritage,RE/MAX Heritage
Platinum Realty,Platinum Realty
Platinum Realty,Platinum Realty
"Pinnacle Estate Properties, Inc.","Pinnacle Estate Properties, Inc."
Pillar Premier,Pillar Premier
PD Realty.com,PD Realty.com
Opendoor Brokerage LLC,Opendoor Brokerage LLC
NWBC Realty,NWBC Realty
Next Home Unlimited,Next Home Unlimited
Murrell Homes,Murrell Homes
Marvel Comic,Marvel Comic
Linda Gregson Home Sales,Linda Gregson Home Sales
Lillian Sells Fine Homes,Lillian Sells Fine Homes
KW Kansas City Metro,KW Kansas City Metro
KrisK Reality,KrisK Reality
Knightsbridge International,Knightsbridge International
Keller Williams- South KC,Keller Williams- South KC
Keller Williams Realty Partners,Keller Williams Realty Partners
Keller Williams Realty,Keller Williams Realty
Keller Williams Plaza Partners,Keller Williams Plaza Partners
Keller Williams One Legacy Partners,Keller Williams One Legacy Partners
Keller Williams North KC,Keller Williams North KC
Keller Williams Integrity,Keller Williams Integrity
Keller Williams Beverly Hills,Keller Williams Beverly Hills
Keller Williams,Keller Williams
keller williams,keller williams
Keller Williams,Keller Williams
Keller William Key Partners,Keller William Key Partners
KC Realtors LLC,KC Realtors LLC
Journey Home,Journey Home
John Moffitts & Associates,John Moffitts & Associates
Jill Donley Realty,Jill Donley Realty
howdy yall want some soup,howdy yall want some soup
HomeSmart Legacy,HomeSmart Legacy
HomeSmart First Choice,HomeSmart First Choice
HomeSmart Corporate,HomeSmart Corporate
HomeSmart,HomeSmart
Home Team LLC,Home Team LLC
Home Smart Elite,Home Smart Elite
Home Realty,Home Realty
Hockey's Best Realty,Hockey's Best Realty
Hellyar Group,Hellyar Group
Hawaii Life,Hawaii Life
Front Door Real Estate,Front Door Real Estate
Friend's Realty,Friend's Realty
EXT,EXT
EXT,EXT
EXP Realty LLC,EXP Realty LLC
Escape 2 Your Home,Escape 2 Your Home
"Edna E, Perry Real Estate","Edna E, Perry Real Estate"
Edge Realty Inc,Edge Realty Inc
"Dwell Kansas City, LLC","Dwell Kansas City, LLC"
Countrywide Realty,Countrywide Realty
Compass Reality Group,Compass Reality Group
Compass Reality,Compass Reality
Comey & Shepherd,Comey & Shepherd
Coldwell Banker Ellison Realty,Coldwell Banker Ellison Realty
Clemons Real Estate LLC,Clemons Real Estate LLC
Christine & company Real state,Christine & company Real state
Chartwell Realty LLC,Chartwell Realty LLC
Century 21 Odessa,Century 21 Odessa
Century 21,Century 21
Celmy & Shepherd,Celmy & Shepherd
Cascade Hasson Sotheby's International Realty,Cascade Hasson Sotheby's International Realty
Calvert's Express Real Estate,Calvert's Express Real Estate
Bryant Real Estate,Bryant Real Estate
Brookside Real Estate,Brookside Real Estate
Blue Valley Living,Blue Valley Living
Bill McCoy Real Estate,Bill McCoy Real Estate
BHG Kansas City Homes,BHG Kansas City Homes
Better Homes and Gardens Topeka,Better Homes and Gardens Topeka
Better Homes and Gardens Real Estate Kansas City Homes,Better Homes and Gardens Real Estate Kansas City Homes
Berkshire Hathaway HomeServices Alliance Real Estate,Berkshire Hathaway HomeServices Alliance Real Estate
Berkshire Hathaway Home Services Braintr,Berkshire Hathaway Home Services Braintr
Berkshire Hathaway Home Services,Berkshire Hathaway Home Services
Bend High Realty,Bend High Realty
Bella Realty Group,Bella Realty Group
Auto Test Agency e5011f23,Display: Auto Test Agency e5011f23
Auto Test Agency 2ebb68d8,Display: Auto Test Agency 2ebb68d8
Ad Astra Realty,Ad Astra Realty
ACC Testing Agency,ACC Testing Agency
Abby Powers & Company,Abby Powers & Company
John L Scott Real Estate,John L Scott Real Estate
Dwell Denver Real Estate,Dwell Denver Real Estate
